Matched Terms,Job Title,URL,Salary,Company Name
,DX・AIコンサルタント 事業開発,https://xn--pckua2a7gp15o89zb.com/jb/2a7b68cd932f2108d771267348b7fcd6,"年収800万円～1,300万円",株式会社ABEJA
内製化,BPG コンサルタント／マネージャー 自分の力で切り開く面白,https://xn--pckua2a7gp15o89zb.com/jb/5bc4f8561986a378bb52ad47d7f14151,年収800万円～,FPTコンサルティングジャパン株式会社
,PM／PL 大手企業のDX推進 リモートワーク9割／ベテラン,https://xn--pckua2a7gp15o89zb.com/jb/75e495489a85b3ad8242fc214f5e96f9,"年収800万円～1,200万円",日本インサイトテクノロジー株式会社
,東京 PM／PL 大手企業向けDX!高い技術力でプライム案件,https://xn--pckua2a7gp15o89zb.com/jb/2ffcde2b200d97005a60fca83abcb69f,"年収800万円～1,200万円",日本インサイトテクノロジー株式会社
内製化,Salesforceエンジニア,https://xn--pckua2a7gp15o89zb.com/jb/53625bad0e16d9e69c1149a5965d6fef,"年収790万円～1,200万円",KINTOテクノロジーズ株式会社
,自動車産業の未来に挑戦するデジタルマーケティングシステム開発,https://xn--pckua2a7gp15o89zb.com/jb/f518ecdb30cfc86913fd85385069f103,"年収700万円～1,400万円",日本インサイトテクノロジー株式会社
,PMコンサル,https://xn--pckua2a7gp15o89zb.com/jb/c6313571cb2dd06c5cc9d9591fc101c2,年収700万円～900万円,株式会社アイ・ティ・イノベーション
,保険系プロジェクトマネージャー／東京／FPTソフトウェアジャ,https://xn--pckua2a7gp15o89zb.com/jb/ff5229408101c1614456d7ceb395c072,"年収700万円～1,000万円",FPTジャパンホールディングス株式会社
内製化,ソフトウェアエンジニア／マネージャー,https://xn--pckua2a7gp15o89zb.com/jb/b1a591382d4443afddbb0e72843ac6e8,年収700万円～900万円,本田技研工業株式会社
創業期,社内SE／システム企画・開発・改修の案件管理,https://xn--pckua2a7gp15o89zb.com/jb/add97b6484fc634c0f0dc90a0482b815,年収697万円～956万円,株式会社UCS
,プロダクトマネージャー「PM」／インターネット／Webサービ,https://xn--pckua2a7gp15o89zb.com/jb/l7f00d00d357e09a492162c123fd88843,年収650万円～900万円,株式会社テックオーシャン
,業務SE、PM候補／製造業向け,https://xn--pckua2a7gp15o89zb.com/jb/749e33085c0330b38b7e241cb0171908,年収650万円～900万円,日鉄ソリューションズ株式会社
,「フィールドセールス 法人向け 」／年収:600万円~900,https://xn--pckua2a7gp15o89zb.com/jb/3d9fa7f5a91e2b4458c36ba2809c338f,年収600万円～900万円,パーソルイノベーション株式会社
金融機関,経理／リーダー候補／プライム上場／WEB面接可,https://xn--pckua2a7gp15o89zb.com/jb/fa4b819efcf40dcdc7d77fdca41c712c,年収600万円～800万円,株式会社エンプラス
,サステナビリティ事業コンサルタント,https://xn--pckua2a7gp15o89zb.com/jb/49b89c8d6758e73d16077c9c6911b574,"年収600万円～1,500万円",株式会社野村総合研究所
,顧客向けカスタマイズWebアプリエンジニア,https://xn--pckua2a7gp15o89zb.com/jb/7cd552c29b97f3d69c18d844940b5650,年収600万円～900万円,株式会社ネットラーニング
,組込みエンジニア歓迎 PMOコンサルタント／東証プライム上場,https://xn--pckua2a7gp15o89zb.com/jb/978045e76120aedab433ae7351ef9a14,年収600万円～,株式会社マネジメントソリューションズ
,PMコンサル候補,https://xn--pckua2a7gp15o89zb.com/jb/0b39e70288e3daed46633571cc4d0389,年収600万円～700万円,株式会社アイ・ティ・イノベーション
,保険向けアプリケーション企画、設計、開発、PM,https://xn--pckua2a7gp15o89zb.com/jb/8d506adc5cd05c036260bd3465cd715a,"年収600万円～1,300万円",株式会社野村総合研究所
,マーケティングマネージャー候補,https://xn--pckua2a7gp15o89zb.com/jb/36588989dcf9f94308d1948ecc1006aa,"年収600万円～1,000万円",株式会社じげん
,自社プロダクト新フォーマット研究開発エンジニア／C++,https://xn--pckua2a7gp15o89zb.com/jb/21755fb9bdaca28953c12d4928e2e616,年収600万円～700万円,ラティス・テクノロジー株式会社
,大規模製造業システムエンジニア／PLM開発,https://xn--pckua2a7gp15o89zb.com/jb/e2848f6ff5d3382811fb896b8f97097b,"年収600万円～1,000万円",ラティス・テクノロジー株式会社
,汎用系エンジニア歓迎 PMOコンサルタント／東証プライム上場,https://xn--pckua2a7gp15o89zb.com/jb/1b110b0128d446272abda673e80dc9bc,"年収600万円～1,200万円",株式会社マネジメントソリューションズ
データ収集,東京・フルリモート相談可能 組込み向けソフトウェア開発エンジ,https://xn--pckua2a7gp15o89zb.com/jb/fe4d8f783e025192f26b209e093f9156,年収600万円～830万円,ルネサスエレクトロニクス株式会社
データエンジニア,データエンジニア・データサイエンティスト,https://xn--pckua2a7gp15o89zb.com/jb/5ed7d62278404d601d088900c211d0f2,年収600万円～800万円,株式会社SUBARU
データ収集,自社プロダクト開発／会計業務スペシャリスト／プロダクト企画,https://xn--pckua2a7gp15o89zb.com/jb/161e61f83d29a8eb3bd0760adadd8064,"年収600万円～1,000万円",株式会社ディーバ
,DX・AIプロジェクトマネージャ,https://xn--pckua2a7gp15o89zb.com/jb/33efb570680e79905ee09a9b279fd5be,"年収600万円～1,000万円",株式会社ABEJA
データエンジニア,自社勤務&リモート可／東京電力グループ／データサイエンティス,https://xn--pckua2a7gp15o89zb.com/jb/l8851b7fdd71d2633528c465b945682ad,"年収600万円～1,000万円",株式会社テプコシステムズ
,エネルギー産業コンサルタント 戦略策定から実行支援に至るまで,https://xn--pckua2a7gp15o89zb.com/jb/dec4d493aa2d91eb06ea628cd5156005,年収576万円～,PwCコンサルティング合同会社
内製化,ソフトウェアエンジニア,https://xn--pckua2a7gp15o89zb.com/jb/l09b665ac6d3ecb12f7641660777029ad,"年収550万円～1,200万円",株式会社MOTA
データエンジニア,データエンジニア／インターネット／Webサービス・ASP,https://xn--pckua2a7gp15o89zb.com/jb/lf5d0367ed89775d171121b293384db1b,"年収550万円～1,400万円",株式会社MonotaRO
内製化,アプリ設計・開発エンジニア オリックスグループの社内SE／在,https://xn--pckua2a7gp15o89zb.com/jb/6d210d6c19d57df1ef928ab8245a6e23,"年収544万円～1,015万円",オリックス・システム株式会社
データエンジニア,アナリティクスエンジニア／インターネット／Webサービス・A,https://xn--pckua2a7gp15o89zb.com/jb/l50a7b1e9942f41edd5104906400d8b29,"年収543万円～1,378万円",株式会社リクルート
,Salesforceエンジニア／FPTソフトウェアジャパン,https://xn--pckua2a7gp15o89zb.com/jb/c8429af6ca3c7f47c8d054e5c00fb724,年収500万円～800万円,FPTジャパンホールディングス株式会社
,自社内勤務／スーパーフレックス／在宅勤務可／SBグループ会社,https://xn--pckua2a7gp15o89zb.com/jb/l5783ca78d9393d9bd401ae8f34d88373,年収500万円～680万円,SBアットワーク株式会社
内製化,104 フレームワークスペシャリスト,https://xn--pckua2a7gp15o89zb.com/jb/30dd5fc5dbbfac9ccc7ce83870bc372f,年収500万円～800万円,SOMPOシステムズ株式会社
内製化,東京／昭島／プロセス開発 樹脂材料／東証プライム／売上200,https://xn--pckua2a7gp15o89zb.com/jb/l5ccdca71a7b015f462fc6c133ad06e8b,年収500万円～750万円,日本航空電子工業株式会社
内製化,CRMマーケティングプランナー ユーザー数423万人超のスキ,https://xn--pckua2a7gp15o89zb.com/jb/l0619f7df15c79a0810175b0e04f74ee0,"年収500万円～1,000万円",株式会社ココナラ
金融機関,財務経理,https://xn--pckua2a7gp15o89zb.com/jb/73d5c5fe5c27bbc5996ac40a365dcc99,年収500万円～800万円,株式会社エンプラス
"資産運用,投資家,機関投資家",Web・オープン系開発エンジニア,https://xn--pckua2a7gp15o89zb.com/jb/5fa38273bc0fba3cfcfe0c7e6c748d65,年収500万円～650万円,株式会社iTValue
創業期,プロダクトマネージャー,https://xn--pckua2a7gp15o89zb.com/jb/15e1e683225e22ad5d27a044f085b262,年収500万円～800万円,株式会社じげん
金融機関,金融／システムエンジニア プロジェクトリーダー候補 銀行系／,https://xn--pckua2a7gp15o89zb.com/jb/f9075859751c0d203ead3c3c67ee2aed,年収500万円～800万円,株式会社リクルート
金融機関,金融／システムエンジニア 銀行系／主にJava,https://xn--pckua2a7gp15o89zb.com/jb/39e7df1bb42bba136368caede39c7cef,年収500万円～700万円,SCSK Minoriソリューションズ株式会社
金融機関,金融機関向けSalesforce導入エンジニア,https://xn--pckua2a7gp15o89zb.com/jb/a423c2f17b08440433489c531b3e380f,年収500万円～700万円,SCSK Minoriソリューションズ株式会社
金融機関,金融機関向けSalesforce導入エンジニア 在宅勤務可／,https://xn--pckua2a7gp15o89zb.com/jb/9da3cdb5b1f12e4442f753156e108836,年収500万円～700万円,SCSK Minoriソリューションズ株式会社
金融機関,金融／システムエンジニア 銀行系／SAS技術者,https://xn--pckua2a7gp15o89zb.com/jb/29b362ccbb92e9e725a560fe633fe5ef,年収500万円～800万円,SCSK Minoriソリューションズ株式会社
"データ収集,データエンジニア",データサイエンティスト／データエンジニア 各種AWSサービス,https://xn--pckua2a7gp15o89zb.com/jb/6ffc1b9735bc8e75540deaffe27b0d95,年収490万円～900万円,KINTOテクノロジーズ株式会社
資産運用,1008 損保ジャパン本社部門システムの業務アプリの保守・運,https://xn--pckua2a7gp15o89zb.com/jb/ab08b5676205d6a73228158f321768b8,年収474万円～746万円,SOMPOシステムズ株式会社
資産運用,270 資産運用システムの構築・保守,https://xn--pckua2a7gp15o89zb.com/jb/dd491a3cf2805b268bbbd7f29cb48b84,年収474万円～746万円,SOMPOシステムズ株式会社
資産運用,システムの保守・運用担当／インフラ／SOMPOグループ／テレ,https://xn--pckua2a7gp15o89zb.com/jb/e8ad7ea4dde9d0287be9f2cef3a30e63,年収474万円～674万円,SOMPOシステムズ株式会社
,モビリティ開発エンジニア,https://xn--pckua2a7gp15o89zb.com/jb/58c12b0fd56d98664e371ff026d5d93b,"年収460万円～1,200万円",ベアーズナビ株式会社
,家賃保証会社向けのシステム開発,https://xn--pckua2a7gp15o89zb.com/jb/3ffc6339b71ef6c74bfaa05a073901fc,"年収450万円～1,000万円",株式会社日立システムズ
金融機関,PL・PM候補／アプリケーションエンジニア・面接1回／大手案,https://xn--pckua2a7gp15o89zb.com/jb/l7471211e5ee8a3ae1a3b2a8a831119ae,年収450万円～720万円,株式会社バイトルヒクマ
,アプリケーションエンジニア（電子顕微鏡・プローブ顕微鏡／半導,https://xn--pckua2a7gp15o89zb.com/jb/0b9a49dec9406abdb3781313d4accd51,年収450万円～850万円,株式会社日立ハイテク
,東京 PG／SE 大手企業向けDX!高い技術力でプライム案件,https://xn--pckua2a7gp15o89zb.com/jb/896131d4495ac85f7ef823e59ddfcd5d,年収450万円～800万円,日本インサイトテクノロジー株式会社
データエンジニア,CDPエンジニア,https://xn--pckua2a7gp15o89zb.com/jb/9315593b768883cf49f3fa9f23168e2d,年収450万円～950万円,三菱自動車工業株式会社
,損保会社向けアプリケーション開発・保守の取りまとめ,https://xn--pckua2a7gp15o89zb.com/jb/c19a292b87739dcd82f0bb5b1c0a7b85,年収450万円～900万円,株式会社日立システムズ
,PLMシステムエンジニア,https://xn--pckua2a7gp15o89zb.com/jb/de7c8d013c9d59a1942de5a61a079910,年収450万円～680万円,株式会社菱友システムズ
,全国フルリモート勤務・定時退社可／システムエンジニア 大手向,https://xn--pckua2a7gp15o89zb.com/jb/lb5aa447eb2c6165daab519c766972666,年収450万円～650万円,株式会社ウェッブアイ
,ITインフラエンジニア／ITコンサルティング,https://xn--pckua2a7gp15o89zb.com/jb/l04c90f79a94b1168da5521db2a5f1d0b,年収450万円～700万円,株式会社デジタルフォルン
,ソフトウェア開発におけるPM／PL・開発環境構築担当,https://xn--pckua2a7gp15o89zb.com/jb/7a021f5048ff212833aad6e33d5662fd,年収450万円～850万円,株式会社日立ハイテク
内製化,生産技術開発,https://xn--pckua2a7gp15o89zb.com/jb/f7eeef199fa00d00e61d3f70fb59851f,年収450万円～700万円,日本航空電子工業株式会社
,組込みソフトエンジニアリーダー／熊本,https://xn--pckua2a7gp15o89zb.com/jb/aa50f3a18f573d0ff537b2378c0ba731,年収450万円～700万円,株式会社マイスターエンジニアリング
データエンジニア,データサイエンティスト～福利厚生充実・社内勤務・リモートワー,https://xn--pckua2a7gp15o89zb.com/jb/15202d86654c6d10d66e7a142be4c330,"年収440万円～1,000万円",株式会社テプコシステムズ
,首都圏／サービスエンジニア 大塚商会グループ／離職率4%以下,https://xn--pckua2a7gp15o89zb.com/jb/l0bafeeb22b44de9db47254edf62f9716,年収430万円～610万円,株式会社アルファテクノ
内製化,MBDソフトウェア開発エンジニア,https://xn--pckua2a7gp15o89zb.com/jb/651df16adfbf9128fd6c61675f29d7aa,年収430万円～800万円,株式会社SUBARU
,大規模公共団体向け税システムの開発をお任せいたします,https://xn--pckua2a7gp15o89zb.com/jb/04e9254c67cf0cf4c042f35804a592dc,年収400万円～800万円,株式会社日立システムズ
金融機関,中堅中小企業向けDX推進提案営業 職を探しています,https://xn--pckua2a7gp15o89zb.com/jb/a4fe5df773d331c39441b03c37bc834a,年収400万円～800万円,ASIMOV ROBOTICS株式会社
金融機関,「SE」保険業界におけるPC等クライアント運用業務に関わるサ,https://xn--pckua2a7gp15o89zb.com/jb/4870e519a35f4d2729ab768c3dea4920,年収400万円～800万円,株式会社日立システムズ
金融機関,組込・制御エンジニア 組込ソフト、制御プログラム、ファームウ,https://xn--pckua2a7gp15o89zb.com/jb/5816c2102bfb69c1deaf7cd88e60fbf2,年収400万円～700万円,株式会社トップエンジニアリング
金融機関,アプリケーションエンジニア PL・PM候補,https://xn--pckua2a7gp15o89zb.com/jb/7224268ce8468bddbed734329fa1c249,年収400万円～699万円,株式会社GEEKLY
金融機関,金融系システムエンジニア 研修充実／SCSKグループ,https://xn--pckua2a7gp15o89zb.com/jb/0dffe3815d31b72b4ad13e2c61cd9fac,年収400万円～600万円,SCSK Minoriソリューションズ株式会社
,大手ショッピングサイト向け開発エンジニア 将来のPL候補募集,https://xn--pckua2a7gp15o89zb.com/jb/73ef4ae3aada0067cc5d338134d831f5,年収400万円～600万円,SCSK Minoriソリューションズ株式会社
金融機関,サーバーサイドエンジニア／バックエンドエンジニア ソフトウェ,https://xn--pckua2a7gp15o89zb.com/jb/f8700903796fbe108c50b706057ccac0,年収400万円～700万円,株式会社トップエンジニアリング
,組込みエンジニア リモート可,https://xn--pckua2a7gp15o89zb.com/jb/84a61fbc22b03828af69fa07c59417db,年収400万円～620万円,株式会社NTTデータSBC
金融機関,セキュリティ運用・監視サービスの管理技術者,https://xn--pckua2a7gp15o89zb.com/jb/f68e4f65a2220e069efe95f07c7a287f,年収400万円～800万円,株式会社日立システムズ
,ネットワーク・サーバエンジニア,https://xn--pckua2a7gp15o89zb.com/jb/96827f8494445c588cea5356249b15d3,年収400万円～700万円,株式会社VSN
内製化,顧客支援／アプリ開発エンジニア Power Platform,https://xn--pckua2a7gp15o89zb.com/jb/0316317dfc2f38ce44c4ef9b9fa5c1fa,年収400万円～600万円,SCSK Minoriソリューションズ株式会社
,業務系システム開発エンジニア,https://xn--pckua2a7gp15o89zb.com/jb/77e135364861d160721a9d8471256d47,年収400万円～600万円,UTテクノロジー株式会社
,「業務改善コンサルタント」DX人材へスキルアップ／フルリモー,https://xn--pckua2a7gp15o89zb.com/jb/l5c11e9bffb0e9783122c907d7fb3ef1b,年収400万円～600万円,株式会社アウトソーシングテクノロジー プロフェッショナル採用課
内製化,SE バックエンドエンジニア,https://xn--pckua2a7gp15o89zb.com/jb/b7ad80b8bdb19ffb83cda32f05adeb6c,年収400万円～800万円,株式会社灯火
金融機関,システムエンジニア,https://xn--pckua2a7gp15o89zb.com/jb/213c31f6346d209e54e021bdbbe36193,年収399万円～630万円,株式会社ロジック
金融機関,システムエンジニア／SE・PG,https://xn--pckua2a7gp15o89zb.com/jb/0e256a6079b9d729cb01be3d91aa8c5e,年収360万円～750万円,株式会社グリフィン
内製化,損害保険システム開発 月平均残業時間20時間以内!年間休日1,https://xn--pckua2a7gp15o89zb.com/jb/f0238cdbcb12efa23044c928bb666855,年収360万円～700万円,SBI損害保険株式会社
データ収集,ソフト開発職,https://xn--pckua2a7gp15o89zb.com/jb/af0c69ffdb070cb9fd5ef8580d776eb9,年収350万円～600万円,株式会社マイスターエンジニアリング
資産運用,SE,https://xn--pckua2a7gp15o89zb.com/jb/a72c2c2c2c886015237b4ccf9347a490,年収350万円～750万円,株式会社トップエンジニアリング
金融機関,保守営業,https://xn--pckua2a7gp15o89zb.com/jb/8e60ce69af862ef93197fe5ee4be316e,年収350万円～600万円,ジャパンエレベーターサービスホールディングス株式会社
,ITエンジニア「Java／東京」／ITコンサルティング,https://xn--pckua2a7gp15o89zb.com/jb/l5b744473589a0dd1969c9792dca67746,年収341万円～851万円,FutureRays株式会社
,SE ITエンジニア,https://xn--pckua2a7gp15o89zb.com/jb/0a3c16b3fef57b66ca9ecbd19286840b,年収341万円～851万円,株式会社灯火
,"ディレクター,PM／インターネット／Webサービス・ASP",https://xn--pckua2a7gp15o89zb.com/jb/l280683ac3484be719ad3d4a59a96397e,年収300万円～700万円,株式会社ラナデザインアソシエイツ
金融機関,SE 年休125日／フレックスタイム／充実の福利厚生,https://xn--pckua2a7gp15o89zb.com/jb/e7e9fe94c5d33879e60ba05b6805b884,年収300万円～600万円,株式会社I.C.G.elite
,SE 経験者歓迎!リモート可,https://xn--pckua2a7gp15o89zb.com/jb/8ab1cd6e9f04d66c7ea3b73459c235ce,年収300万円～600万円,株式会社I.C.G.elite
金融機関,開発エンジニア,https://xn--pckua2a7gp15o89zb.com/jb/acd5194b01e2690cc589c0ce1d37f012,年収300万円～600万円,株式会社グリフィン
,システムエンジニア／ソフトウェア・情報処理業界のシステムエン,https://xn--pckua2a7gp15o89zb.com/jb/l8227a2cf59e9c4a8f949a30d290d9c88,年収300万円～630万円,株式会社ロジック
,アプリケーション開発エンジニア 最先端のデジタルプラットフォ,https://xn--pckua2a7gp15o89zb.com/jb/ade2cc425139b9aca855d1c381ddaeec,月給36万円～65万円,株式会社日立製作所
,開発エンジニア,https://xn--pckua2a7gp15o89zb.com/jb/420f643a994ae4c4c4a467f2ae68d740,月給30万円～50万円,株式会社アプライド・システムズ
,開発エンジニア／土日祝休み&基本定時退社／住宅手当・家族手当,https://xn--pckua2a7gp15o89zb.com/jb/l7b38f7de4a0fd3ec7f3a30e13979aeee,月給30万円～50万円,株式会社アプライド・システムズ
,開発エンジニア／土日祝休み&基本定時退社,https://xn--pckua2a7gp15o89zb.com/jb/58df2a412fbafc7b99e22ee63183bb7e,月給30万円～50万円,株式会社アプライド・システムズ
データ収集,ITサポート 土日祝休み／月平均残業10時間／年間休日125,https://xn--pckua2a7gp15o89zb.com/jb/fce4f28e7196ffe3f4e6a3b3fe02dda5,"月給21万5,000円～50万円",株式会社スタッフサービス
,コンサルタント～シニアコンサルタント,https://xn--pckua2a7gp15o89zb.com/jb/dc4b6b1122af5059facbc64c0b729bd7,"月給38万3,000円～66万7,000円",株式会社タレントキャリア
,マネージャー／金融領域コンサルタント,https://xn--pckua2a7gp15o89zb.com/jb/e190aca2dcf44410b0ee38cfc43da9fb,"月給78万3,000円～125万円",株式会社タレントキャリア
,転勤なし,https://xn--pckua2a7gp15o89zb.com/jb/3fc79055ed8a8d3f53f47292912b59ee,"月給78万3,000円～125万円",株式会社ビットミックス
